<?xml version="1.0" encoding="UTF-8"?><?xml-stylesheet type='text/xsl' href='_UpgradeReport_Files/UpgradeReport.xslt'?><UpgradeLog>
<Properties><Property Name="Solution" Value="LibLlenarGrids">
</Property><Property Name="Solution File" Value="C:\Users\DesarroSoft\Documents\ADALBERTO\ejercicio de inventario\LibLlenarGrids\LibLlenarGrids.sln">
</Property><Property Name="User Options File" Value="C:\Users\DesarroSoft\Documents\ADALBERTO\ejercicio de inventario\LibLlenarGrids\LibLlenarGrids.suo">
</Property><Property Name="Date" Value="miércoles, 17 de octubre de 2012">
</Property><Property Name="Time" Value="11:01 a.m.">
</Property></Properties><Event ErrorLevel="0" Project="" Source="LibLlenarGrids.sln" Description="File successfully backed up as C:\Users\DesarroSoft\Documents\ADALBERTO\ejercicio de inventario\LibLlenarGrids\Backup\LibLlenarGrids.sln">
</Event><Event ErrorLevel="0" Project="" Source="LibLlenarGrids.suo" Description="File successfully backed up as C:\Users\DesarroSoft\Documents\ADALBERTO\ejercicio de inventario\LibLlenarGrids\Backup\LibLlenarGrids.suo">
</Event><Event ErrorLevel="0" Project="LibLlenarGrids" Source="LibLlenarGrids\LibLlenarGrids.csproj" Description="Project file successfully backed up as C:\Users\DesarroSoft\Documents\ADALBERTO\ejercicio de inventario\LibLlenarGrids\Backup\LibLlenarGrids\LibLlenarGrids.csproj">
</Event><Event ErrorLevel="0" Project="LibLlenarGrids" Source="LibLlenarGrids\ClsLlenarGrids.cs" Description="File successfully backed up as C:\Users\DesarroSoft\Documents\ADALBERTO\ejercicio de inventario\LibLlenarGrids\Backup\LibLlenarGrids\ClsLlenarGrids.cs">
</Event><Event ErrorLevel="0" Project="LibLlenarGrids" Source="LibLlenarGrids\Properties\AssemblyInfo.cs" Description="File successfully backed up as C:\Users\DesarroSoft\Documents\ADALBERTO\ejercicio de inventario\LibLlenarGrids\Backup\LibLlenarGrids\Properties\AssemblyInfo.cs">
</Event><Event ErrorLevel="0" Project="LibLlenarGrids" Source="LibLlenarGrids\LibLlenarGrids.csproj" Description="Project converted successfully">
</Event><Event ErrorLevel="3" Project="LibLlenarGrids" Source="LibLlenarGrids\LibLlenarGrids.csproj" Description="Converted">
</Event><Event ErrorLevel="0" Project="" Source="LibLlenarGrids.sln" Description="Solution converted successfully">
</Event><Event ErrorLevel="3" Project="" Source="LibLlenarGrids.sln" Description="Converted">
</Event><Event ErrorLevel="0" Project="LibLlenarGrids" Source="LibLlenarGrids\LibLlenarGrids.csproj" Description="Scan complete: Upgrade not required for project files.">
</Event></UpgradeLog>